"label","o1","class"
"Alyssa A. Goodman","http://dbpedia.org/resource/Alyssa_A._Goodman",1
"Amy Mainzer","http://dbpedia.org/resource/Amy_Mainzer",1
"Anders Celsius","http://dbpedia.org/resource/Anders_Celsius",1
"Anders Jonas Ångström","http://dbpedia.org/resource/Anders_Jonas_Ångström",1
"Andrea M. Ghez","http://dbpedia.org/resource/Andrea_M._Ghez",1
"Andrew Fraknoi","http://dbpedia.org/resource/Andrew_Fraknoi",1
"Andrew Graham (astronomer)","http://dbpedia.org/resource/Andrew_Graham_(astronomer)",1
"Andrew Lyne","http://dbpedia.org/resource/Andrew_Lyne",1
"Andrew Siemion","http://dbpedia.org/resource/Andrew_Siemion",1
"Adrien Auzout","http://dbpedia.org/resource/Adrien_Auzout",1
"Alexandre Schaumasse","http://dbpedia.org/resource/Alexandre_Schaumasse",1
"Alfred Harrison Joy","http://dbpedia.org/resource/Alfred_Harrison_Joy",1
"Daniel Kirkwood","http://dbpedia.org/resource/Daniel_Kirkwood",1
"David Axon","http://dbpedia.org/resource/David_Axon",1
"David C. Jewitt","http://dbpedia.org/resource/David_C._Jewitt",1
"David Gill (astronomer)","http://dbpedia.org/resource/David_Gill_(astronomer)",1
"David J. Eicher","http://dbpedia.org/resource/David_J._Eicher",1
"David J. Lane (astronomer)","http://dbpedia.org/resource/David_J._Lane_(astronomer)",1
"David J. Stevenson","http://dbpedia.org/resource/David_J._Stevenson",1
"David L. Rabinowitz","http://dbpedia.org/resource/David_L._Rabinowitz",1
"David Naylor","http://dbpedia.org/resource/David_Naylor",1
"David Rittenhouse","http://dbpedia.org/resource/David_Rittenhouse",1
"Antonín Bečvář","http://dbpedia.org/resource/Antonín_Bečvář",1
"Antonín Mrkos","http://dbpedia.org/resource/Antonín_Mrkos",1
"Arjen Roelofs","http://dbpedia.org/resource/Arjen_Roelofs",1
"Dennis Walsh","http://dbpedia.org/resource/Dennis_Walsh",1
"Vera Rubin","http://dbpedia.org/resource/Vera_Rubin",1
"Viktor Knorre","http://dbpedia.org/resource/Viktor_Knorre",1
"Vincenzo Cerulli","http://dbpedia.org/resource/Vincenzo_Cerulli",1
"Vinod Johri","http://dbpedia.org/resource/Vinod_Johri",1
"Vladimir Shkodrov","http://dbpedia.org/resource/Vladimir_Shkodrov",1
"Walter Baade","http://dbpedia.org/resource/Walter_Baade",1
"Walter Sydney Adams","http://dbpedia.org/resource/Walter_Sydney_Adams",1
"Frederick Hanley Seares","http://dbpedia.org/resource/Frederick_Hanley_Seares",1
"Qutb al-Din al-Shirazi","http://dbpedia.org/resource/Qutb_al-Din_al-Shirazi",1
"Rainer Spurzem","http://dbpedia.org/resource/Rainer_Spurzem",1
"Richard Sheepshanks","http://dbpedia.org/resource/Richard_Sheepshanks",1
"Seiji Ueda","http://dbpedia.org/resource/Seiji_Ueda",1
"Shigehisa Fujikawa","http://dbpedia.org/resource/Shigehisa_Fujikawa",1
"Geminiano Montanari","http://dbpedia.org/resource/Geminiano_Montanari",1
"Jay U. Gunter","http://dbpedia.org/resource/Jay_U._Gunter",1
"Karen Jean Meech","http://dbpedia.org/resource/Karen_Jean_Meech",1
"Yuriy Drohobych","http://dbpedia.org/resource/Yuriy_Drohobych",1
"Miriam Burland","http://dbpedia.org/resource/Miriam_Burland",1
"Agrippa (astronomer)","http://dbpedia.org/resource/Agrippa_(astronomer)",1
"Ahmad Nahavandi","http://dbpedia.org/resource/Ahmad_Nahavandi",1
"Albert Marth","http://dbpedia.org/resource/Albert_Marth",1
"Albertus Antonie Nijland","http://dbpedia.org/resource/Albertus_Antonie_Nijland",1
"Albrecht Unsöld","http://dbpedia.org/resource/Albrecht_Unsöld",1
"Denise Stephens","http://dbpedia.org/resource/Denise_Stephens",1
"Dirk Brouwer","http://dbpedia.org/resource/Dirk_Brouwer",1
"Henri Joseph Anastase Perrotin","http://dbpedia.org/resource/Henri_Joseph_Anastase_Perrotin",1
"Paul Oswald Ahnert","http://dbpedia.org/resource/Paul_Oswald_Ahnert",1
"Saul Adelman","http://dbpedia.org/resource/Saul_Adelman",1
"Harold D. Babcock","http://dbpedia.org/resource/Harold_D._Babcock",1
"Joseph Ashbrook","http://dbpedia.org/resource/Joseph_Ashbrook",1
"Oskar Backlund","http://dbpedia.org/resource/Oskar_Backlund",1
"Pietro Baracchi","http://dbpedia.org/resource/Pietro_Baracchi",1
"Yoshiaki Banno","http://dbpedia.org/resource/Yoshiaki_Banno",1
"Zoltán Balog (astronomer)","http://dbpedia.org/resource/Zoltán_Balog_(astronomer)",1
"Milorad B. Protić","http://dbpedia.org/resource/Milorad_B._Protić",1
"Naoshi Fukushima","http://dbpedia.org/resource/Naoshi_Fukushima",1
"Naoto Sato","http://dbpedia.org/resource/Naoto_Sato",1
"Osamu Muramatsu","http://dbpedia.org/resource/Osamu_Muramatsu",1
"Seidai Miyasaka","http://dbpedia.org/resource/Seidai_Miyasaka",1
"Takeshi Nagata","http://dbpedia.org/resource/Takeshi_Nagata",1
"Yoshikane Mizuno","http://dbpedia.org/resource/Yoshikane_Mizuno",1
"William Wales (astronomer)","http://dbpedia.org/resource/William_Wales_(astronomer)",1
"Yakov Borisovich Zel'dovich","http://dbpedia.org/resource/Yakov_Borisovich_Zel'dovich",1
"Yoshiaki Oshima","http://dbpedia.org/resource/Yoshiaki_Oshima",1
"Édouard Stephan","http://dbpedia.org/resource/Édouard_Stephan",1
"Robert Gendler","http://dbpedia.org/resource/Robert_Gendler",1
"Ulugh Beg","http://dbpedia.org/resource/Ulugh_Beg",1
"George Ogden Abell","http://dbpedia.org/resource/George_Ogden_Abell",1
"Tarmo Oja","http://dbpedia.org/resource/Tarmo_Oja",1
"Marta Graciela Rovira","http://dbpedia.org/resource/Marta_Graciela_Rovira",1
"Mary Anna Draper","http://dbpedia.org/resource/Mary_Anna_Draper",1
"Al-Biruni","http://dbpedia.org/resource/Al-Biruni",1
"Alan Hale (astronomer)","http://dbpedia.org/resource/Alan_Hale_(astronomer)",1
"Alastair G. W. Cameron","http://dbpedia.org/resource/Alastair_G._W._Cameron",1
"Albert Einstein","http://dbpedia.org/resource/Albert_Einstein",1
"Albert Whitford","http://dbpedia.org/resource/Albert_Whitford",1
"Aleksander Wolszczan","http://dbpedia.org/resource/Aleksander_Wolszczan",1
"Alex Filippenko","http://dbpedia.org/resource/Alex_Filippenko",1
"Alexander A. Gurshtein","http://dbpedia.org/resource/Alexander_A._Gurshtein",1
"Alexander Dalgarno","http://dbpedia.org/resource/Alexander_Dalgarno",1
"Alexander Nikolaevich Deutsch","http://dbpedia.org/resource/Alexander_Nikolaevich_Deutsch",1
"Alexis Bouvard","http://dbpedia.org/resource/Alexis_Bouvard",1
"Alfred Bohrmann","http://dbpedia.org/resource/Alfred_Bohrmann",1
"Alfred Fowler","http://dbpedia.org/resource/Alfred_Fowler",1
"Arthur Auwers","http://dbpedia.org/resource/Arthur_Auwers",1
"Arthur Eddington","http://dbpedia.org/resource/Arthur_Eddington",1
"Aryabhata","http://dbpedia.org/resource/Aryabhata",1
"Asaph Hall","http://dbpedia.org/resource/Asaph_Hall",1
"August Ferdinand Möbius","http://dbpedia.org/resource/August_Ferdinand_Möbius",1
"August Kopff","http://dbpedia.org/resource/August_Kopff",1
"Auguste Charlois","http://dbpedia.org/resource/Auguste_Charlois",1
"Avi Loeb","http://dbpedia.org/resource/Avi_Loeb",1
"Axel Firsoff","http://dbpedia.org/resource/Axel_Firsoff",1
"Beatriz Barbuy","http://dbpedia.org/resource/Beatriz_Barbuy",1
"Ben Gascoigne","http://dbpedia.org/resource/Ben_Gascoigne",1
"Benjamin Apthorp Gould","http://dbpedia.org/resource/Benjamin_Apthorp_Gould",1
"Benjamin Banneker","http://dbpedia.org/resource/Benjamin_Banneker",1
"Bernard Lovell","http://dbpedia.org/resource/Bernard_Lovell",1
"Bernard Lyot","http://dbpedia.org/resource/Bernard_Lyot",1
"Bertil Lindblad","http://dbpedia.org/resource/Bertil_Lindblad",1
"Akihiko Tago","http://dbpedia.org/resource/Akihiko_Tago",1
"Akimasa Nakamura","http://dbpedia.org/resource/Akimasa_Nakamura",1
"Francis Baily","http://dbpedia.org/resource/Francis_Baily",1
"Frank Drake","http://dbpedia.org/resource/Frank_Drake",1
"Frank K. Edmondson","http://dbpedia.org/resource/Frank_K._Edmondson",1
"Frank Schlesinger","http://dbpedia.org/resource/Frank_Schlesinger",1
"Frank Washington Very","http://dbpedia.org/resource/Frank_Washington_Very",1
"Frank Watson Dyson","http://dbpedia.org/resource/Frank_Watson_Dyson",1
"Franz Xaver von Zach","http://dbpedia.org/resource/Franz_Xaver_von_Zach",1
"François Arago","http://dbpedia.org/resource/François_Arago",1
"Fred Espenak","http://dbpedia.org/resource/Fred_Espenak",1
"Fred Hoyle","http://dbpedia.org/resource/Fred_Hoyle",1
"Fred Lawrence Whipple","http://dbpedia.org/resource/Fred_Lawrence_Whipple",1
"Frederick C. Leonard","http://dbpedia.org/resource/Frederick_C._Leonard",1
"Freeman Dyson","http://dbpedia.org/resource/Freeman_Dyson",1
"Friedrich Bessel","http://dbpedia.org/resource/Friedrich_Bessel",1
"Friedrich Georg Wilhelm von Struve","http://dbpedia.org/resource/Friedrich_Georg_Wilhelm_von_Struve",1
"Friedrich Wilhelm Argelander","http://dbpedia.org/resource/Friedrich_Wilhelm_Argelander",1
"Fritz Zwicky","http://dbpedia.org/resource/Fritz_Zwicky",1
"Fulvio Melia","http://dbpedia.org/resource/Fulvio_Melia",1
"Galileo Galilei","http://dbpedia.org/resource/Galileo_Galilei",1
"Gan De","http://dbpedia.org/resource/Gan_De",1
"Gennady S. Bisnovatyi-Kogan","http://dbpedia.org/resource/Gennady_S._Bisnovatyi-Kogan",1
"George Alcock","http://dbpedia.org/resource/George_Alcock",1
"George Biddell Airy","http://dbpedia.org/resource/George_Biddell_Airy",1
"George Ellery Hale","http://dbpedia.org/resource/George_Ellery_Hale",1
"George Gamow","http://dbpedia.org/resource/George_Gamow",1
"George Parker, 2nd Earl of Macclesfield","http://dbpedia.org/resource/George_Parker,_2nd_Earl_of_Macclesfield",1
"George Smoot","http://dbpedia.org/resource/George_Smoot",1
"George Van Biesbroeck","http://dbpedia.org/resource/George_Van_Biesbroeck",1
"George Wetherill","http://dbpedia.org/resource/George_Wetherill",1
"George William Hill","http://dbpedia.org/resource/George_William_Hill",1
"Georges Lemaître","http://dbpedia.org/resource/Georges_Lemaître",1
"Halton Arp","http://dbpedia.org/resource/Halton_Arp",1
"Hannes Alfvén","http://dbpedia.org/resource/Hannes_Alfvén",1
"Hans-Emil Schuster","http://dbpedia.org/resource/Hans-Emil_Schuster",1
"Hans-Walter Rix","http://dbpedia.org/resource/Hans-Walter_Rix",1
"Hans Bethe","http://dbpedia.org/resource/Hans_Bethe",1
"Harlow Shapley","http://dbpedia.org/resource/Harlow_Shapley",1
"Harold Spencer Jones","http://dbpedia.org/resource/Harold_Spencer_Jones",1
"Bimla Buti","http://dbpedia.org/resource/Bimla_Buti",1
"Sallie Baliunas","http://dbpedia.org/resource/Sallie_Baliunas",1
"Samuel Molyneux","http://dbpedia.org/resource/Samuel_Molyneux",1
"Samuel Pierpont Langley","http://dbpedia.org/resource/Samuel_Pierpont_Langley",1
"Takao Kobayashi","http://dbpedia.org/resource/Takao_Kobayashi",1
"Takeshi Urata","http://dbpedia.org/resource/Takeshi_Urata",1
"Wilhelm Anderson","http://dbpedia.org/resource/Wilhelm_Anderson",1
"Wilhelm Beer","http://dbpedia.org/resource/Wilhelm_Beer",1
"Will Hay","http://dbpedia.org/resource/Will_Hay",1
"Willebrord Snellius","http://dbpedia.org/resource/Willebrord_Snellius",1
"Willem de Sitter","http://dbpedia.org/resource/Willem_de_Sitter",1
"William A. Bradfield","http://dbpedia.org/resource/William_A._Bradfield",1
"William Alfred Fowler","http://dbpedia.org/resource/William_Alfred_Fowler",1
"William Cranch Bond","http://dbpedia.org/resource/William_Cranch_Bond",1
"William Frederick Denning","http://dbpedia.org/resource/William_Frederick_Denning",1
"William Henry Pickering","http://dbpedia.org/resource/William_Henry_Pickering",1
"William Henry Smyth","http://dbpedia.org/resource/William_Henry_Smyth",1
"William Herschel","http://dbpedia.org/resource/William_Herschel",1
"William Huggins","http://dbpedia.org/resource/William_Huggins",1
"William Kenneth Hartmann","http://dbpedia.org/resource/William_Kenneth_Hartmann",1
"William Lassell","http://dbpedia.org/resource/William_Lassell",1
"William Parsons, 3rd Earl of Rosse","http://dbpedia.org/resource/William_Parsons,_3rd_Earl_of_Rosse",1
"William Robert Brooks","http://dbpedia.org/resource/William_Robert_Brooks",1
"William Rutter Dawes","http://dbpedia.org/resource/William_Rutter_Dawes",1
"William Wallace Campbell","http://dbpedia.org/resource/William_Wallace_Campbell",1
"Elia Millosevich","http://dbpedia.org/resource/Elia_Millosevich",1
"Fernand Rigaux","http://dbpedia.org/resource/Fernand_Rigaux",1
"Heinrich Christian Schumacher","http://dbpedia.org/resource/Heinrich_Christian_Schumacher",1
"Lipót Schulhof","http://dbpedia.org/resource/Lipót_Schulhof",1
"Satoru Otomo","http://dbpedia.org/resource/Satoru_Otomo",1
"Kidinnu","http://dbpedia.org/resource/Kidinnu",1
"Harold Alden","http://dbpedia.org/resource/Harold_Alden",1
"Terence Dickinson","http://dbpedia.org/resource/Terence_Dickinson",1
"William Marshall Smart","http://dbpedia.org/resource/William_Marshall_Smart",1
"Angelo Secchi","http://dbpedia.org/resource/Angelo_Secchi",1
"Anna Winlock","http://dbpedia.org/resource/Anna_Winlock",1
"Anne Barbara Underhill","http://dbpedia.org/resource/Anne_Barbara_Underhill",1
"Anne Sewell Young","http://dbpedia.org/resource/Anne_Sewell_Young",1
"Anneila Sargent","http://dbpedia.org/resource/Anneila_Sargent",1
"Annibale de Gasparis","http://dbpedia.org/resource/Annibale_de_Gasparis",1
"Annie Jump Cannon","http://dbpedia.org/resource/Annie_Jump_Cannon",1
"Antonia Maury","http://dbpedia.org/resource/Antonia_Maury",1
"Antonio Abetti","http://dbpedia.org/resource/Antonio_Abetti",1
"Antonio de Ulloa","http://dbpedia.org/resource/Antonio_de_Ulloa",1
"Antony Hewish","http://dbpedia.org/resource/Antony_Hewish",1
"Argentina","http://dbpedia.org/resource/Argentina",1
"Aristarchus of Samos","http://dbpedia.org/resource/Aristarchus_of_Samos",1
"Emily Lakdawalla","http://dbpedia.org/resource/Emily_Lakdawalla",1
"Emma Vyssotsky","http://dbpedia.org/resource/Emma_Vyssotsky",1
"Erasmus Reinhold","http://dbpedia.org/resource/Erasmus_Reinhold",1
"Eratosthenes","http://dbpedia.org/resource/Eratosthenes",1
"Erika Hamden","http://dbpedia.org/resource/Erika_Hamden",1
"Ernest William Brown","http://dbpedia.org/resource/Ernest_William_Brown",1
"Ernst Öpik","http://dbpedia.org/resource/Ernst_Öpik",1
"Eudoxus of Cnidus","http://dbpedia.org/resource/Eudoxus_of_Cnidus",1
"Eugene Merle Shoemaker","http://dbpedia.org/resource/Eugene_Merle_Shoemaker",1
"Eugene Parker","http://dbpedia.org/resource/Eugene_Parker",1
"Eva Ahnert-Rohlfs","http://dbpedia.org/resource/Eva_Ahnert-Rohlfs",1
"Andrew Ainslie Common","http://dbpedia.org/resource/Andrew_Ainslie_Common",1
"Andrew Claude de la Cherois Crommelin","http://dbpedia.org/resource/Andrew_Claude_de_la_Cherois_Crommelin",1
"Andrew E. Lange","http://dbpedia.org/resource/Andrew_E._Lange",1
"Andronicus of Cyrrhus","http://dbpedia.org/resource/Andronicus_of_Cyrrhus",1
"Gerard K. O'Neill","http://dbpedia.org/resource/Gerard_K._O'Neill",1
"Gerard Kuiper","http://dbpedia.org/resource/Gerard_Kuiper",1
"Giorgio Abetti","http://dbpedia.org/resource/Giorgio_Abetti",1
"Giovanni Antonio Amedeo Plana","http://dbpedia.org/resource/Giovanni_Antonio_Amedeo_Plana",1
"Giovanni Battista Donati","http://dbpedia.org/resource/Giovanni_Battista_Donati",1
"Giovanni Battista Riccioli","http://dbpedia.org/resource/Giovanni_Battista_Riccioli",1
"Giovanni Domenico Cassini","http://dbpedia.org/resource/Giovanni_Domenico_Cassini",1
"Giovanni Schiaparelli","http://dbpedia.org/resource/Giovanni_Schiaparelli",1
"Giuseppe Piazzi","http://dbpedia.org/resource/Giuseppe_Piazzi",1
"Godefroy Wendelin","http://dbpedia.org/resource/Godefroy_Wendelin",1
"Armin Otto Leuschner","http://dbpedia.org/resource/Armin_Otto_Leuschner",1
"Arno Arthur Wachmann","http://dbpedia.org/resource/Arno_Arthur_Wachmann",1
"Marc Aaronson","http://dbpedia.org/resource/Marc_Aaronson",1
"Marc Kuchner","http://dbpedia.org/resource/Marc_Kuchner",1
"Marcel Minnaert","http://dbpedia.org/resource/Marcel_Minnaert",1
"Marcelo Gleiser","http://dbpedia.org/resource/Marcelo_Gleiser",1
"Margaret Burbidge","http://dbpedia.org/resource/Margaret_Burbidge",1
"Margaret Geller","http://dbpedia.org/resource/Margaret_Geller",1
"Maria Mitchell","http://dbpedia.org/resource/Maria_Mitchell",1
"Mark M. Phillips","http://dbpedia.org/resource/Mark_M._Phillips",1
"Martin Rees","http://dbpedia.org/resource/Martin_Rees",1
"Martin Ryle","http://dbpedia.org/resource/Martin_Ryle",1
"Martin Schwarzschild","http://dbpedia.org/resource/Martin_Schwarzschild",1
"Mary Watson Whitney","http://dbpedia.org/resource/Mary_Watson_Whitney",1
"Masahiro Koishikawa","http://dbpedia.org/resource/Masahiro_Koishikawa",1
"Masaru Arai","http://dbpedia.org/resource/Masaru_Arai",1
"Masayuki Yanai","http://dbpedia.org/resource/Masayuki_Yanai",1
"David Fabricius","http://dbpedia.org/resource/David_Fabricius",1
"David Merritt","http://dbpedia.org/resource/David_Merritt",1
"United States","http://dbpedia.org/resource/United_States",1
"Urbain Le Verrier","http://dbpedia.org/resource/Urbain_Le_Verrier",1
"Eugène Joseph Delporte","http://dbpedia.org/resource/Eugène_Joseph_Delporte",1
"Jean Dufay","http://dbpedia.org/resource/Jean_Dufay",1
"John Louis Emil Dreyer","http://dbpedia.org/resource/John_Louis_Emil_Dreyer",1
"Masakatsu Aoki","http://dbpedia.org/resource/Masakatsu_Aoki",1
"Masayuki Iwamoto","http://dbpedia.org/resource/Masayuki_Iwamoto",1
"Robert H. McNaught","http://dbpedia.org/resource/Robert_H._McNaught",1
"Manuel Peimbert","http://dbpedia.org/resource/Manuel_Peimbert",1
"Paulo R. Holvorcem","http://dbpedia.org/resource/Paulo_R._Holvorcem",1
"Philibert Jacques Melotte","http://dbpedia.org/resource/Philibert_Jacques_Melotte",1
"Gary A. Wegner","http://dbpedia.org/resource/Gary_A._Wegner",1
"Hendrik van Gent","http://dbpedia.org/resource/Hendrik_van_Gent",1
"J. G. Westphal","http://dbpedia.org/resource/J._G._Westphal",1
"Johann Heinrich Westphal","http://dbpedia.org/resource/Johann_Heinrich_Westphal",1
"Kazuro Watanabe","http://dbpedia.org/resource/Kazuro_Watanabe",1
"Ľudmila Pajdušáková","http://dbpedia.org/resource/Ľudmila_Pajdušáková",1
"Horace Parnell Tuttle","http://dbpedia.org/resource/Horace_Parnell_Tuttle",1
"Brahmagupta","http://dbpedia.org/resource/Brahmagupta",1
"Brian A. Skiff","http://dbpedia.org/resource/Brian_A._Skiff",1
"Brian G. Marsden","http://dbpedia.org/resource/Brian_G._Marsden",1
"Bruno Rossi","http://dbpedia.org/resource/Bruno_Rossi",1
"Aden Meinel","http://dbpedia.org/resource/Aden_Meinel",1
"Adolph Friedrich Lindemann","http://dbpedia.org/resource/Adolph_Friedrich_Lindemann",1
"Baptistin Baille","http://dbpedia.org/resource/Baptistin_Baille",1
"Jack Wisdom","http://dbpedia.org/resource/Jack_Wisdom",1
"Jacobus Kapteyn","http://dbpedia.org/resource/Jacobus_Kapteyn",1
"Jacques Cassini","http://dbpedia.org/resource/Jacques_Cassini",1
"Jamal Nazrul Islam","http://dbpedia.org/resource/Jamal_Nazrul_Islam",1
"James Binney","http://dbpedia.org/resource/James_Binney",1
"James Bradley","http://dbpedia.org/resource/James_Bradley",1
"James Challis","http://dbpedia.org/resource/James_Challis",1
"James Clerk Maxwell","http://dbpedia.org/resource/James_Clerk_Maxwell",1
"James Craig Watson","http://dbpedia.org/resource/James_Craig_Watson",1
"James Cuffey","http://dbpedia.org/resource/James_Cuffey",1
"James Dunlop","http://dbpedia.org/resource/James_Dunlop",1
"James Edward Keeler","http://dbpedia.org/resource/James_Edward_Keeler",1
"James Ferguson (American astronomer)","http://dbpedia.org/resource/James_Ferguson_(American_astronomer)",1
"James Jeans","http://dbpedia.org/resource/James_Jeans",1
"James Lind (naturalist)","http://dbpedia.org/resource/James_Lind_(naturalist)",1
"James Michael Moran","http://dbpedia.org/resource/James_Michael_Moran",1
"James South","http://dbpedia.org/resource/James_South",1
"James Van Allen","http://dbpedia.org/resource/James_Van_Allen",1
"James Whitney Young","http://dbpedia.org/resource/James_Whitney_Young",1
"Jane Luu","http://dbpedia.org/resource/Jane_Luu",1
"Janet Akyüz Mattei","http://dbpedia.org/resource/Janet_Akyüz_Mattei",1
"Janine Connes","http://dbpedia.org/resource/Janine_Connes",1
"Jayant Narlikar","http://dbpedia.org/resource/Jayant_Narlikar",1
"Jean-Claude Pecker","http://dbpedia.org/resource/Jean-Claude_Pecker",1
"Jean-Louis Pons","http://dbpedia.org/resource/Jean-Louis_Pons",1
"Jean-Pierre Verdet","http://dbpedia.org/resource/Jean-Pierre_Verdet",1
"Jean Baptiste Joseph Delambre","http://dbpedia.org/resource/Jean_Baptiste_Joseph_Delambre",1
"Jean Sylvain Bailly","http://dbpedia.org/resource/Jean_Sylvain_Bailly",1
"Kiichirō Furukawa","http://dbpedia.org/resource/Kiichirō_Furukawa",1
"Kim Weaver","http://dbpedia.org/resource/Kim_Weaver",1
"Bruce A. McIntosh","http://dbpedia.org/resource/Bruce_A._McIntosh",1
"Bryan Gaensler","http://dbpedia.org/resource/Bryan_Gaensler",1
"Matthew Fontaine Maury","http://dbpedia.org/resource/Matthew_Fontaine_Maury",1
"Maximilian Hell","http://dbpedia.org/resource/Maximilian_Hell",1
"Mercedes Richards","http://dbpedia.org/resource/Mercedes_Richards",1
"Merieme Chadid","http://dbpedia.org/resource/Merieme_Chadid",1
"Raymond Smith Dugan","http://dbpedia.org/resource/Raymond_Smith_Dugan",1
"Regiomontanus","http://dbpedia.org/resource/Regiomontanus",1
"Thebe Medupe","http://dbpedia.org/resource/Thebe_Medupe",1
"Ludwig Biermann","http://dbpedia.org/resource/Ludwig_Biermann",1
"Wolf Bickel","http://dbpedia.org/resource/Wolf_Bickel",1
"Emil Ernst","http://dbpedia.org/resource/Emil_Ernst",1
"Schelte J. Bus","http://dbpedia.org/resource/Schelte_J._Bus",1
"Bernhard Schmidt","http://dbpedia.org/resource/Bernhard_Schmidt",1
"Nilakantha Somayaji","http://dbpedia.org/resource/Nilakantha_Somayaji",1
"Nobuhiro Kawasato","http://dbpedia.org/resource/Nobuhiro_Kawasato",1
"Norio Kaifu","http://dbpedia.org/resource/Norio_Kaifu",1
"György Kulin","http://dbpedia.org/resource/György_Kulin",1
"Karl Glazebrook","http://dbpedia.org/resource/Karl_Glazebrook",1
"Paul Götz","http://dbpedia.org/resource/Paul_Götz",1
"Takeo Hatanaka","http://dbpedia.org/resource/Takeo_Hatanaka",1
"Yusuke Hagihara","http://dbpedia.org/resource/Yusuke_Hagihara",1
"Gustave-Adolphe Hirn","http://dbpedia.org/resource/Gustave-Adolphe_Hirn",1
"Hervé Faye","http://dbpedia.org/resource/Hervé_Faye",1
"Hiroshi Abe (astronomer)","http://dbpedia.org/resource/Hiroshi_Abe_(astronomer)",1
"Jeremiah Horrocks","http://dbpedia.org/resource/Jeremiah_Horrocks",1
"Martin van den Hove","http://dbpedia.org/resource/Martin_van_den_Hove",1
"Masanori Hirasawa","http://dbpedia.org/resource/Masanori_Hirasawa",1
"Sebastian von Hoerner","http://dbpedia.org/resource/Sebastian_von_Hoerner",1
"Shigeru Inoda","http://dbpedia.org/resource/Shigeru_Inoda",1
"Shin Hirayama","http://dbpedia.org/resource/Shin_Hirayama",1
"Jacques Laskar","http://dbpedia.org/resource/Jacques_Laskar",1
"Karl L. Littrow","http://dbpedia.org/resource/Karl_L._Littrow",1
"Liisi Oterma","http://dbpedia.org/resource/Liisi_Oterma",1
"Louis Boyer (astronomer)","http://dbpedia.org/resource/Louis_Boyer_(astronomer)",1
"George Willis Ritchey","http://dbpedia.org/resource/George_Willis_Ritchey",1
"Jean Richer","http://dbpedia.org/resource/Jean_Richer",1
"Julius Reichelt","http://dbpedia.org/resource/Julius_Reichelt",1
"Robert Evans (astronomer)","http://dbpedia.org/resource/Robert_Evans_(astronomer)",1
"Frances Woodworth Wright","http://dbpedia.org/resource/Frances_Woodworth_Wright",1
"Syuichi Nakano","http://dbpedia.org/resource/Syuichi_Nakano",1
"Sadao Sei","http://dbpedia.org/resource/Sadao_Sei",1
"M. Shahid Qureshi","http://dbpedia.org/resource/M._Shahid_Qureshi",1
"Clyde Tombaugh","http://dbpedia.org/resource/Clyde_Tombaugh",1
"Ali Qushji","http://dbpedia.org/resource/Ali_Qushji",1
"Alphonse Borrelly","http://dbpedia.org/resource/Alphonse_Borrelly",1
"Atsuo Asami","http://dbpedia.org/resource/Atsuo_Asami",1
"Atsushi Sugie","http://dbpedia.org/resource/Atsushi_Sugie",1
"Atsushi Takahashi","http://dbpedia.org/resource/Atsushi_Takahashi",1
"Audrey C. Delsanti","http://dbpedia.org/resource/Audrey_C._Delsanti",1
"John Johnson (astronomer)","http://dbpedia.org/resource/John_Johnson_(astronomer)",1
"John Michell","http://dbpedia.org/resource/John_Michell",1
"John N. Bahcall","http://dbpedia.org/resource/John_N._Bahcall",1
"John Pond","http://dbpedia.org/resource/John_Pond",1
"John Russell Hind","http://dbpedia.org/resource/John_Russell_Hind",1
"John Stanley Plaskett","http://dbpedia.org/resource/John_Stanley_Plaskett",1
"John Winthrop (educator)","http://dbpedia.org/resource/John_Winthrop_(educator)",1
"John Zarnecki","http://dbpedia.org/resource/John_Zarnecki",1
"Joseph Hooton Taylor Jr.","http://dbpedia.org/resource/Joseph_Hooton_Taylor_Jr.",1
"Joseph von Fraunhofer","http://dbpedia.org/resource/Joseph_von_Fraunhofer",1
"José Luis Ortiz Moreno","http://dbpedia.org/resource/José_Luis_Ortiz_Moreno",1
"Judith Young (astronomer)","http://dbpedia.org/resource/Judith_Young_(astronomer)",1
"Saul Perlmutter","http://dbpedia.org/resource/Saul_Perlmutter",1
"Sergei Kopeikin","http://dbpedia.org/resource/Sergei_Kopeikin",1
"Edward Guinan","http://dbpedia.org/resource/Edward_Guinan",1
"Edward L. G. Bowell","http://dbpedia.org/resource/Edward_L._G._Bowell",1
"Qingde Wang","http://dbpedia.org/resource/Qingde_Wang",1
"Petrus Alphonsi","http://dbpedia.org/resource/Petrus_Alphonsi",1
"Jules Baillaud","http://dbpedia.org/resource/Jules_Baillaud",1
"Kin Endate","http://dbpedia.org/resource/Kin_Endate",1
"Barry G. Clark","http://dbpedia.org/resource/Barry_G._Clark",1
"Bart Bok","http://dbpedia.org/resource/Bart_Bok",1
"Abolfadl Harawi","http://dbpedia.org/resource/Abolfadl_Harawi",1
"Ingrid van Houten-Groeneveld","http://dbpedia.org/resource/Ingrid_van_Houten-Groeneveld",1
"Ira Sprague Bowen","http://dbpedia.org/resource/Ira_Sprague_Bowen",1
"Isaac Newton","http://dbpedia.org/resource/Isaac_Newton",1
"Issei Yamamoto","http://dbpedia.org/resource/Issei_Yamamoto",1
"J. Allen Hynek","http://dbpedia.org/resource/J._Allen_Hynek",1
"J. Richard Fisher","http://dbpedia.org/resource/J._Richard_Fisher",1
"Christoph Arnold","http://dbpedia.org/resource/Christoph_Arnold",1
"Tsuneo Niijima","http://dbpedia.org/resource/Tsuneo_Niijima",1
"Tsutomu Seki","http://dbpedia.org/resource/Tsutomu_Seki",1
"Turkey","http://dbpedia.org/resource/Turkey",1
"Tycho Brahe","http://dbpedia.org/resource/Tycho_Brahe",1
"Iwahashi Zenbei","http://dbpedia.org/resource/Iwahashi_Zenbei",1
"James Carpenter (astronomer)","http://dbpedia.org/resource/James_Carpenter_(astronomer)",1
"Josep Comas i Solà","http://dbpedia.org/resource/Josep_Comas_i_Solà",1
"Shun-ei Izumikawa","http://dbpedia.org/resource/Shun-ei_Izumikawa",1
"Ernst Friedrich Wilhelm Klinkerfues","http://dbpedia.org/resource/Ernst_Friedrich_Wilhelm_Klinkerfues",1
"Heinrich Kreutz","http://dbpedia.org/resource/Heinrich_Kreutz",1
"Hiroshi Kaneda","http://dbpedia.org/resource/Hiroshi_Kaneda",1
"Hisashi Kimura","http://dbpedia.org/resource/Hisashi_Kimura",1
"Kamil Hornoch","http://dbpedia.org/resource/Kamil_Hornoch",1
"Kaoru Ikeya","http://dbpedia.org/resource/Kaoru_Ikeya",1
"Kazuo Kubokawa","http://dbpedia.org/resource/Kazuo_Kubokawa",1
"Kesao Takamizawa","http://dbpedia.org/resource/Kesao_Takamizawa",1
"Kiyotaka Kanai","http://dbpedia.org/resource/Kiyotaka_Kanai",1
"Korado Korlević","http://dbpedia.org/resource/Korado_Korlević",1
"Kōyō Kawanishi","http://dbpedia.org/resource/Kōyō_Kawanishi",1
"Maria Margarethe Kirch","http://dbpedia.org/resource/Maria_Margarethe_Kirch",1
"Minoru Kizawa","http://dbpedia.org/resource/Minoru_Kizawa",1
"Reiki Kushida","http://dbpedia.org/resource/Reiki_Kushida",1
"Yoshio Kushida","http://dbpedia.org/resource/Yoshio_Kushida",1
"Zdeněk Kopal","http://dbpedia.org/resource/Zdeněk_Kopal",1
"Joel Hastings Metcalf","http://dbpedia.org/resource/Joel_Hastings_Metcalf",1
"Johan Maurits Mohr","http://dbpedia.org/resource/Johan_Maurits_Mohr",1
"John August Anderson","http://dbpedia.org/resource/John_August_Anderson",1
"Rachel Webster","http://dbpedia.org/resource/Rachel_Webster",1
"Abdus Salam","http://dbpedia.org/resource/Abdus_Salam",1
"Abraham Zacuto","http://dbpedia.org/resource/Abraham_Zacuto",1
"Abraham bar Hiyya","http://dbpedia.org/resource/Abraham_bar_Hiyya",1
"Adam Riess","http://dbpedia.org/resource/Adam_Riess",1
"Adolphe Quetelet","http://dbpedia.org/resource/Adolphe_Quetelet",1
"Adriaan Blaauw","http://dbpedia.org/resource/Adriaan_Blaauw",1
"Adriaan van Maanen","http://dbpedia.org/resource/Adriaan_van_Maanen",1
"Camille Flammarion","http://dbpedia.org/resource/Camille_Flammarion",1
"Cecilia Payne-Gaposchkin","http://dbpedia.org/resource/Cecilia_Payne-Gaposchkin",1
"Chad Trujillo","http://dbpedia.org/resource/Chad_Trujillo",1
"Chandra Wickramasinghe","http://dbpedia.org/resource/Chandra_Wickramasinghe",1
"Charles-Eugène Delaunay","http://dbpedia.org/resource/Charles-Eugène_Delaunay",1
"Charles Augustus Young","http://dbpedia.org/resource/Charles_Augustus_Young",1
"Charles Bruce Stephenson","http://dbpedia.org/resource/Charles_Bruce_Stephenson",1
"Charles Dillon Perrine","http://dbpedia.org/resource/Charles_Dillon_Perrine",1
"Charles Fehrenbach (astronomer)","http://dbpedia.org/resource/Charles_Fehrenbach_(astronomer)",1
"Charles Greeley Abbot","http://dbpedia.org/resource/Charles_Greeley_Abbot",1
"Charles L. Bennett","http://dbpedia.org/resource/Charles_L._Bennett",1
"Charles Mason","http://dbpedia.org/resource/Charles_Mason",1
"Charles Messier","http://dbpedia.org/resource/Charles_Messier",1
"Charles Pritchard","http://dbpedia.org/resource/Charles_Pritchard",1
"Charles T. Kowal","http://dbpedia.org/resource/Charles_T._Kowal",1
"Charlotte Moore Sitterly","http://dbpedia.org/resource/Charlotte_Moore_Sitterly",1
"Chris Impey","http://dbpedia.org/resource/Chris_Impey",1
"Chris Lintott","http://dbpedia.org/resource/Chris_Lintott",1
"Christiaan Huygens","http://dbpedia.org/resource/Christiaan_Huygens",1
"Christian Heinrich Friedrich Peters","http://dbpedia.org/resource/Christian_Heinrich_Friedrich_Peters",1
"Christopher Hansteen","http://dbpedia.org/resource/Christopher_Hansteen",1
"Chushiro Hayashi","http://dbpedia.org/resource/Chushiro_Hayashi",1
"Anthony Moffat","http://dbpedia.org/resource/Anthony_Moffat",1
"Anton Staus","http://dbpedia.org/resource/Anton_Staus",1
"Su Song","http://dbpedia.org/resource/Su_Song",1
"Subrahmanyan Chandrasekhar","http://dbpedia.org/resource/Subrahmanyan_Chandrasekhar",1
"Svante Arrhenius","http://dbpedia.org/resource/Svante_Arrhenius",1
"Frédéric Sy","http://dbpedia.org/resource/Frédéric_Sy",1
"John Tebbutt","http://dbpedia.org/resource/John_Tebbutt",1
"Matsuo Sugano","http://dbpedia.org/resource/Matsuo_Sugano",1
"Otto Wilhelm von Struve","http://dbpedia.org/resource/Otto_Wilhelm_von_Struve",1
"Stefi Baum","http://dbpedia.org/resource/Stefi_Baum",1
"Svein Rosseland","http://dbpedia.org/resource/Svein_Rosseland",1
"Takuo Kojima","http://dbpedia.org/resource/Takuo_Kojima",1
"Franz Kaiser","http://dbpedia.org/resource/Franz_Kaiser",1
"François Gonnessiat","http://dbpedia.org/resource/François_Gonnessiat",1
"Gyula Fényi","http://dbpedia.org/resource/Gyula_Fényi",1
"H. G. van de Sande Bakhuyzen","http://dbpedia.org/resource/H._G._van_de_Sande_Bakhuyzen",1
"Jean Mueller","http://dbpedia.org/resource/Jean_Mueller",1
"Carl Friedrich Gauss","http://dbpedia.org/resource/Carl_Friedrich_Gauss",1
"Carl Friedrich von Weizsäcker","http://dbpedia.org/resource/Carl_Friedrich_von_Weizsäcker",1
"Carl Keenan Seyfert","http://dbpedia.org/resource/Carl_Keenan_Seyfert",1
"Carl Sagan","http://dbpedia.org/resource/Carl_Sagan",1
"Carl W. Hergenrother","http://dbpedia.org/resource/Carl_W._Hergenrother",1
"Caroline Herschel","http://dbpedia.org/resource/Caroline_Herschel",1
"Carolyn Porco","http://dbpedia.org/resource/Carolyn_Porco",1
"Horace W. Babcock","http://dbpedia.org/resource/Horace_W._Babcock",1
"Hubert Reeves","http://dbpedia.org/resource/Hubert_Reeves",1
"Bengt Gustafsson (astronomer)","http://dbpedia.org/resource/Bengt_Gustafsson_(astronomer)",1
"Bengt Westerlund","http://dbpedia.org/resource/Bengt_Westerlund",1
"Benjamin Baillaud","http://dbpedia.org/resource/Benjamin_Baillaud",1
"Benjamin Jekhowsky","http://dbpedia.org/resource/Benjamin_Jekhowsky",1
"Benjamin Valz","http://dbpedia.org/resource/Benjamin_Valz",1
"Laurie Rousseau-Nepton","http://dbpedia.org/resource/Laurie_Rousseau-Nepton",1
"Elizabeth Roemer","http://dbpedia.org/resource/Elizabeth_Roemer",1
"Florence Cushman","http://dbpedia.org/resource/Florence_Cushman",1
"Friedrich Tietjen","http://dbpedia.org/resource/Friedrich_Tietjen",1
"John M. Thome","http://dbpedia.org/resource/John_M._Thome",1
"Kōichirō Tomita","http://dbpedia.org/resource/Kōichirō_Tomita",1
"Richard Tousey","http://dbpedia.org/resource/Richard_Tousey",1
"Robert Julius Trumpler","http://dbpedia.org/resource/Robert_Julius_Trumpler",1
"Thomas Wright (astronomer)","http://dbpedia.org/resource/Thomas_Wright_(astronomer)",1
"Tully–Fisher relation","http://dbpedia.org/resource/Tully–Fisher_relation",1
"Joseph Helffrich","http://dbpedia.org/resource/Joseph_Helffrich",1
"Henry Chamberlain Russell","http://dbpedia.org/resource/Henry_Chamberlain_Russell",1
"Sherburne Wesley Burnham","http://dbpedia.org/resource/Sherburne_Wesley_Burnham",1
"Valentin Naboth","http://dbpedia.org/resource/Valentin_Naboth",1
"Dominique, comte de Cassini","http://dbpedia.org/resource/Dominique,_comte_de_Cassini",1
"Donald Edward Osterbrock","http://dbpedia.org/resource/Donald_Edward_Osterbrock",1
"Donald Lynden-Bell","http://dbpedia.org/resource/Donald_Lynden-Bell",1
"Dorrit Hoffleit","http://dbpedia.org/resource/Dorrit_Hoffleit",1
"E. M. Antoniadi","http://dbpedia.org/resource/E._M._Antoniadi",1
"Simon Marius","http://dbpedia.org/resource/Simon_Marius",1
"Simon Newcomb","http://dbpedia.org/resource/Simon_Newcomb",1
"Somnath Bharadwaj","http://dbpedia.org/resource/Somnath_Bharadwaj",1
"Donald Kurtz","http://dbpedia.org/resource/Donald_Kurtz",1
"Hōei Nojiri","http://dbpedia.org/resource/Hōei_Nojiri",1
"Jean Abraham Chrétien Oudemans","http://dbpedia.org/resource/Jean_Abraham_Chrétien_Oudemans",1
"Nobuhisa Kojima","http://dbpedia.org/resource/Nobuhisa_Kojima",1
"Okuro Oikawa","http://dbpedia.org/resource/Okuro_Oikawa",1
"Pieter Oosterhoff","http://dbpedia.org/resource/Pieter_Oosterhoff",1
"Toshiro Nomura","http://dbpedia.org/resource/Toshiro_Nomura",1
"Geraint F. Lewis","http://dbpedia.org/resource/Geraint_F._Lewis",1
"Mario Hamuy","http://dbpedia.org/resource/Mario_Hamuy",1
"Robert Sutton Harrington","http://dbpedia.org/resource/Robert_Sutton_Harrington",1
"R. Brent Tully","http://dbpedia.org/resource/R._Brent_Tully",1
"Waltraut Seitter","http://dbpedia.org/resource/Waltraut_Seitter",1
"Lupitus of Barcelona","http://dbpedia.org/resource/Lupitus_of_Barcelona",1
"Zhang Daqing","http://dbpedia.org/resource/Zhang_Daqing",1
"Cornelis Johannes van Houten","http://dbpedia.org/resource/Cornelis_Johannes_van_Houten",1
"Cuno Hoffmeister","http://dbpedia.org/resource/Cuno_Hoffmeister",1
"César-François Cassini de Thury","http://dbpedia.org/resource/César-François_Cassini_de_Thury",1
"Grote Reber","http://dbpedia.org/resource/Grote_Reber",1
"Guillaume Bigourdan","http://dbpedia.org/resource/Guillaume_Bigourdan",1
"Guillaume Le Gentil","http://dbpedia.org/resource/Guillaume_Le_Gentil",1
"Guillermo Haro","http://dbpedia.org/resource/Guillermo_Haro",1
"Guo Shoujing","http://dbpedia.org/resource/Guo_Shoujing",1
"Gustav Müller (astronomer)","http://dbpedia.org/resource/Gustav_Müller_(astronomer)",1
"Gustavo E. Romero","http://dbpedia.org/resource/Gustavo_E._Romero",1
"Guy Consolmagno","http://dbpedia.org/resource/Guy_Consolmagno",1
"Gérard de Vaucouleurs","http://dbpedia.org/resource/Gérard_de_Vaucouleurs",1
"Asada Goryu","http://dbpedia.org/resource/Asada_Goryu",1
"Astronomer","http://dbpedia.org/resource/Astronomer",1
"Heather Couper","http://dbpedia.org/resource/Heather_Couper",1
"Heber Doust Curtis","http://dbpedia.org/resource/Heber_Doust_Curtis",1
"Heidi Hammel","http://dbpedia.org/resource/Heidi_Hammel",1
"Heinrich Wilhelm Matthias Olbers","http://dbpedia.org/resource/Heinrich_Wilhelm_Matthias_Olbers",1
"Helen Dodson Prince","http://dbpedia.org/resource/Helen_Dodson_Prince",1
"Helen Sawyer Hogg","http://dbpedia.org/resource/Helen_Sawyer_Hogg",1
"Hendrik C. van de Hulst","http://dbpedia.org/resource/Hendrik_C._van_de_Hulst",1
"Henri-Alexandre Deslandres","http://dbpedia.org/resource/Henri-Alexandre_Deslandres",1
"Henrietta Swan Leavitt","http://dbpedia.org/resource/Henrietta_Swan_Leavitt",1
"Henry Draper","http://dbpedia.org/resource/Henry_Draper",1
"Henry Kandrup","http://dbpedia.org/resource/Henry_Kandrup",1
"Henry L. Giclas","http://dbpedia.org/resource/Henry_L._Giclas",1
"Henry Norris Russell","http://dbpedia.org/resource/Henry_Norris_Russell",1
"Herbert Alonzo Howe","http://dbpedia.org/resource/Herbert_Alonzo_Howe",1
"Herbert Dingle","http://dbpedia.org/resource/Herbert_Dingle",1
"Herbert Hall Turner","http://dbpedia.org/resource/Herbert_Hall_Turner",1
"Hermann Carl Vogel","http://dbpedia.org/resource/Hermann_Carl_Vogel",1
"Hermann Goldschmidt","http://dbpedia.org/resource/Hermann_Goldschmidt",1
"Hipparchus","http://dbpedia.org/resource/Hipparchus",1
"Hiroki Kosai","http://dbpedia.org/resource/Hiroki_Kosai",1
"Hiroshi Araki","http://dbpedia.org/resource/Hiroshi_Araki",1
"Hiroshi Mori (astronomer)","http://dbpedia.org/resource/Hiroshi_Mori_(astronomer)",1
"Maarten Schmidt","http://dbpedia.org/resource/Maarten_Schmidt",1
"Makio Akiyama","http://dbpedia.org/resource/Makio_Akiyama",1
"Brian J. Boyle","http://dbpedia.org/resource/Brian_J._Boyle",1
"Carl Charlier","http://dbpedia.org/resource/Carl_Charlier",1
"Carl E. Heiles","http://dbpedia.org/resource/Carl_E._Heiles",1
"Carmelle Robert","http://dbpedia.org/resource/Carmelle_Robert",1
"Riazuddin (physicist)","http://dbpedia.org/resource/Riazuddin_(physicist)",1
"Riccardo Giacconi","http://dbpedia.org/resource/Riccardo_Giacconi",1
"Richard Christopher Carrington","http://dbpedia.org/resource/Richard_Christopher_Carrington",1
"Richard van der Riet Woolley","http://dbpedia.org/resource/Richard_van_der_Riet_Woolley",1
"Robert Burnham Jr.","http://dbpedia.org/resource/Robert_Burnham_Jr.",1
"Robert Grant Aitken","http://dbpedia.org/resource/Robert_Grant_Aitken",1
"Robert Kirshner","http://dbpedia.org/resource/Robert_Kirshner",1
"Robert Kraft (astronomer)","http://dbpedia.org/resource/Robert_Kraft_(astronomer)",1
"Robert Luther","http://dbpedia.org/resource/Robert_Luther",1
"Robert Schommer","http://dbpedia.org/resource/Robert_Schommer",1
"Robert Woodrow Wilson","http://dbpedia.org/resource/Robert_Woodrow_Wilson",1
"Roger Davies (astrophysicist)","http://dbpedia.org/resource/Roger_Davies_(astrophysicist)",1
"Roger Penrose","http://dbpedia.org/resource/Roger_Penrose",1
"Rogier Windhorst","http://dbpedia.org/resource/Rogier_Windhorst",1
"Theodor Brorsen","http://dbpedia.org/resource/Theodor_Brorsen",1
"Roger of Hereford","http://dbpedia.org/resource/Roger_of_Hereford",1
"Harutaro Murakami","http://dbpedia.org/resource/Harutaro_Murakami",1
"Robert S. McMillan (astronomer)","http://dbpedia.org/resource/Robert_S._McMillan_(astronomer)",1
"Jean Chacornac","http://dbpedia.org/resource/Jean_Chacornac",1
"Naubakht","http://dbpedia.org/resource/Naubakht",1
"Petar Đurković","http://dbpedia.org/resource/Petar_Đurković",1
"Ian Glass","http://dbpedia.org/resource/Ian_Glass",1
"Physicist","http://dbpedia.org/resource/Physicist",1
"Ewine van Dishoeck","http://dbpedia.org/resource/Ewine_van_Dishoeck",1
"F. J. M. Stratton","http://dbpedia.org/resource/F._J._M._Stratton",1
"Fearon Fallows","http://dbpedia.org/resource/Fearon_Fallows",1
"Felix Ziegel","http://dbpedia.org/resource/Felix_Ziegel",1
"Jeffrey Owen Katz","http://dbpedia.org/resource/Jeffrey_Owen_Katz",1
"Jill Tarter","http://dbpedia.org/resource/Jill_Tarter",1
"Jim Peebles","http://dbpedia.org/resource/Jim_Peebles",1
"Jocelyn Bell Burnell","http://dbpedia.org/resource/Jocelyn_Bell_Burnell",1
"Joel Stebbins","http://dbpedia.org/resource/Joel_Stebbins",1
"Johan Stein","http://dbpedia.org/resource/Johan_Stein",1
"Johann Bayer","http://dbpedia.org/resource/Johann_Bayer",1
"Johann Daniel Titius","http://dbpedia.org/resource/Johann_Daniel_Titius",1
"Johann Elert Bode","http://dbpedia.org/resource/Johann_Elert_Bode",1
"Johann Franz Encke","http://dbpedia.org/resource/Johann_Franz_Encke",1
"Johann Gottfried Galle","http://dbpedia.org/resource/Johann_Gottfried_Galle",1
"Johann Heinrich Lambert","http://dbpedia.org/resource/Johann_Heinrich_Lambert",1
"Johann Palisa","http://dbpedia.org/resource/Johann_Palisa",1
"Johannes Hevelius","http://dbpedia.org/resource/Johannes_Hevelius",1
"Johannes Kepler","http://dbpedia.org/resource/Johannes_Kepler",1
"John Archibald Wheeler","http://dbpedia.org/resource/John_Archibald_Wheeler",1
"John Bainbridge (astronomer)","http://dbpedia.org/resource/John_Bainbridge_(astronomer)",1
"John Brashear","http://dbpedia.org/resource/John_Brashear",1
"John C. Mather","http://dbpedia.org/resource/John_C._Mather",1
"John Couch Adams","http://dbpedia.org/resource/John_Couch_Adams",1
"John E. Baldwin","http://dbpedia.org/resource/John_E._Baldwin",1
"John Flamsteed","http://dbpedia.org/resource/John_Flamsteed",1
"John Francis Skjellerup","http://dbpedia.org/resource/John_Francis_Skjellerup",1
"John Gatenby Bolton","http://dbpedia.org/resource/John_Gatenby_Bolton",1
"John Goodricke","http://dbpedia.org/resource/John_Goodricke",1
"John Herschel","http://dbpedia.org/resource/John_Herschel",1
"Leo Goldberg","http://dbpedia.org/resource/Leo_Goldberg",1
"Leonardo da Vinci","http://dbpedia.org/resource/Leonardo_da_Vinci",1
"Leslie Peltier","http://dbpedia.org/resource/Leslie_Peltier",1
"Lewis A. Swift","http://dbpedia.org/resource/Lewis_A._Swift",1
"Lewis Boss","http://dbpedia.org/resource/Lewis_Boss",1
"Lisa Harvey-Smith","http://dbpedia.org/resource/Lisa_Harvey-Smith",1
"Nathaniel Bliss","http://dbpedia.org/resource/Nathaniel_Bliss",1
"Neil Gehrels","http://dbpedia.org/resource/Neil_Gehrels",1
"Neil deGrasse Tyson","http://dbpedia.org/resource/Neil_deGrasse_Tyson",1
"Nevil Maskelyne","http://dbpedia.org/resource/Nevil_Maskelyne",1
"Nicolaus Copernicus","http://dbpedia.org/resource/Nicolaus_Copernicus",1
"Nicolaus Olahus","http://dbpedia.org/resource/Nicolaus_Olahus",1
"Niels Bohr","http://dbpedia.org/resource/Niels_Bohr",1
"Percival Lowell","http://dbpedia.org/resource/Percival_Lowell",1
"Peter Andreas Hansen","http://dbpedia.org/resource/Peter_Andreas_Hansen",1
"Peter Goldreich","http://dbpedia.org/resource/Peter_Goldreich",1
"Peter Nilson","http://dbpedia.org/resource/Peter_Nilson",1
"Peter van de Kamp","http://dbpedia.org/resource/Peter_van_de_Kamp",1
"Petrus Plancius","http://dbpedia.org/resource/Petrus_Plancius",1
"Phil Plait","http://dbpedia.org/resource/Phil_Plait",1
"Philip Fox (astronomer)","http://dbpedia.org/resource/Philip_Fox_(astronomer)",1
"Pierre-Simon Laplace","http://dbpedia.org/resource/Pierre-Simon_Laplace",1
"Pierre Louis Maupertuis","http://dbpedia.org/resource/Pierre_Louis_Maupertuis",1
"Pierre Méchain","http://dbpedia.org/resource/Pierre_Méchain",1
"Pierre Puiseux","http://dbpedia.org/resource/Pierre_Puiseux",1
"Ptolemy","http://dbpedia.org/resource/Ptolemy",1
"Pythagoras","http://dbpedia.org/resource/Pythagoras",1
"Radha Gobinda Chandra","http://dbpedia.org/resource/Radha_Gobinda_Chandra",1
"Rafael Pacheco","http://dbpedia.org/resource/Rafael_Pacheco",1
"Thomas Bopp","http://dbpedia.org/resource/Thomas_Bopp",1
"Thomas Digges","http://dbpedia.org/resource/Thomas_Digges",1
"Thomas Gold","http://dbpedia.org/resource/Thomas_Gold",1
"Thomas Henderson (astronomer)","http://dbpedia.org/resource/Thomas_Henderson_(astronomer)",1
"Thomas John Hussey","http://dbpedia.org/resource/Thomas_John_Hussey",1
"Thomas Young (scientist)","http://dbpedia.org/resource/Thomas_Young_(scientist)",1
"Tobias Mayer","http://dbpedia.org/resource/Tobias_Mayer",1
"Tom Gehrels","http://dbpedia.org/resource/Tom_Gehrels",1
"William Wilson Morgan","http://dbpedia.org/resource/William_Wilson_Morgan",1
"Williamina Fleming","http://dbpedia.org/resource/Williamina_Fleming",1
"Yasuo Tanaka (astronomer)","http://dbpedia.org/resource/Yasuo_Tanaka_(astronomer)",1
"Friedrich Karl Arnold Schwassmann","http://dbpedia.org/resource/Friedrich_Karl_Arnold_Schwassmann",1
"Julius Bauschinger","http://dbpedia.org/resource/Julius_Bauschinger",1
"Leopold Courvoisier","http://dbpedia.org/resource/Leopold_Courvoisier",1
"Wilhelm Julius Foerster","http://dbpedia.org/resource/Wilhelm_Julius_Foerster",1
"Shibukawa Shunkai","http://dbpedia.org/resource/Shibukawa_Shunkai",1
"Norman G. Thomas","http://dbpedia.org/resource/Norman_G._Thomas",1
"Zdeňka Vávrová","http://dbpedia.org/resource/Zdeňka_Vávrová",1
"Lawrence H. Aller","http://dbpedia.org/resource/Lawrence_H._Aller",1
"Typhoon Lee","http://dbpedia.org/resource/Typhoon_Lee",1
"Ed Krupp","http://dbpedia.org/resource/Ed_Krupp",1
"Edmond Halley","http://dbpedia.org/resource/Edmond_Halley",1
"Edmund Weaver (astronomer)","http://dbpedia.org/resource/Edmund_Weaver_(astronomer)",1
"Edward Arthur Milne","http://dbpedia.org/resource/Edward_Arthur_Milne",1
"Edward Charles Pickering","http://dbpedia.org/resource/Edward_Charles_Pickering",1
"Edward Emerson Barnard","http://dbpedia.org/resource/Edward_Emerson_Barnard",1
"Edward Israel","http://dbpedia.org/resource/Edward_Israel",1
"Edward James Stone","http://dbpedia.org/resource/Edward_James_Stone",1
"Edward Riddle","http://dbpedia.org/resource/Edward_Riddle",1
"Edward Robert Harrison","http://dbpedia.org/resource/Edward_Robert_Harrison",1
"Edward Sabine","http://dbpedia.org/resource/Edward_Sabine",1
"Edward Walter Maunder","http://dbpedia.org/resource/Edward_Walter_Maunder",1
"Edwin Brant Frost","http://dbpedia.org/resource/Edwin_Brant_Frost",1
"Edwin Ernest Salpeter","http://dbpedia.org/resource/Edwin_Ernest_Salpeter",1
"Edwin Hubble","http://dbpedia.org/resource/Edwin_Hubble",1
"Eise Eisinga","http://dbpedia.org/resource/Eise_Eisinga",1
"Ejnar Hertzsprung","http://dbpedia.org/resource/Ejnar_Hertzsprung",1
"Andrea Di Paola","http://dbpedia.org/resource/Andrea_Di_Paola",1
"Andreas Cellarius","http://dbpedia.org/resource/Andreas_Cellarius",1
"Andreas Gerasimos Michalitsianos","http://dbpedia.org/resource/Andreas_Gerasimos_Michalitsianos",1
"Julie Vinter Hansen","http://dbpedia.org/resource/Julie_Vinter_Hansen",1
"Julio Garavito Armero","http://dbpedia.org/resource/Julio_Garavito_Armero",1
"Jérôme Lalande","http://dbpedia.org/resource/Jérôme_Lalande",1
"Karan Jani","http://dbpedia.org/resource/Karan_Jani",1
"Karl Guthe Jansky","http://dbpedia.org/resource/Karl_Guthe_Jansky",1
"Karl Ludwig Harding","http://dbpedia.org/resource/Karl_Ludwig_Harding",1
"Karl Ludwig Hencke","http://dbpedia.org/resource/Karl_Ludwig_Hencke",1
"Karl Schwarzschild","http://dbpedia.org/resource/Karl_Schwarzschild",1
"Karlis Kaufmanis","http://dbpedia.org/resource/Karlis_Kaufmanis",1
"Amédée Mouchez","http://dbpedia.org/resource/Amédée_Mouchez",1
"Louise Freeland Jenkins","http://dbpedia.org/resource/Louise_Freeland_Jenkins",1
"Luboš Kohoutek","http://dbpedia.org/resource/Luboš_Kohoutek",1
"Luboš Perek","http://dbpedia.org/resource/Luboš_Perek",1
"Luigi Carnera","http://dbpedia.org/resource/Luigi_Carnera",1
"Luís Cruls","http://dbpedia.org/resource/Luís_Cruls",1
"Lyman Spitzer","http://dbpedia.org/resource/Lyman_Spitzer",1
"Ole Rømer","http://dbpedia.org/resource/Ole_Rømer",1
"Olin J. Eggen","http://dbpedia.org/resource/Olin_J._Eggen",1
"Otto Struve","http://dbpedia.org/resource/Otto_Struve",1
"Claes-Ingvar Lagerkvist","http://dbpedia.org/resource/Claes-Ingvar_Lagerkvist",1
"Seth Barnes Nicholson","http://dbpedia.org/resource/Seth_Barnes_Nicholson",1
"Seth Shostak","http://dbpedia.org/resource/Seth_Shostak",1
"Shen Kuo","http://dbpedia.org/resource/Shen_Kuo",1
"Shinzo Shinjo","http://dbpedia.org/resource/Shinzo_Shinjo",1
"Sidney van den Bergh","http://dbpedia.org/resource/Sidney_van_den_Bergh",1
"Cornell Mayer","http://dbpedia.org/resource/Cornell_Mayer",1
"Stephen Hawking","http://dbpedia.org/resource/Stephen_Hawking",1
"Edwin Foster Coddington","http://dbpedia.org/resource/Edwin_Foster_Coddington",1
"Edwin Francis Carpenter","http://dbpedia.org/resource/Edwin_Francis_Carpenter",1
"Johann Baptist Cysat","http://dbpedia.org/resource/Johann_Baptist_Cysat",1
"Ernest Esclangon","http://dbpedia.org/resource/Ernest_Esclangon",1
"Shohei Suzuki","http://dbpedia.org/resource/Shohei_Suzuki",1
"Jérôme Eugène Coggia","http://dbpedia.org/resource/Jérôme_Eugène_Coggia",1
"Wei Pu","http://dbpedia.org/resource/Wei_Pu",1
"Masaru Mukai","http://dbpedia.org/resource/Masaru_Mukai",1
"Bohdan Paczyński","http://dbpedia.org/resource/Bohdan_Paczyński",1
"Bonaventura Cavalieri","http://dbpedia.org/resource/Bonaventura_Cavalieri",1
"Hypatia","http://dbpedia.org/resource/Hypatia",1
"Ida E. Woods","http://dbpedia.org/resource/Ida_E._Woods",1
"Kiyotsugu Hirayama","http://dbpedia.org/resource/Kiyotsugu_Hirayama",1
"Klim Churyumov","http://dbpedia.org/resource/Klim_Churyumov",1
"Knut Jørgen Røed Ødegaard","http://dbpedia.org/resource/Knut_Jørgen_Røed_Ødegaard",1
"Knut Lundmark","http://dbpedia.org/resource/Knut_Lundmark",1
"Michael E. Brown","http://dbpedia.org/resource/Michael_E._Brown",1
"Michel Mayor","http://dbpedia.org/resource/Michel_Mayor",1
"Minoru Honda","http://dbpedia.org/resource/Minoru_Honda",1
"Paris Pişmiş","http://dbpedia.org/resource/Paris_Pişmiş",1
"Patrick Moore","http://dbpedia.org/resource/Patrick_Moore",1
"Paul Wild (Swiss astronomer)","http://dbpedia.org/resource/Paul_Wild_(Swiss_astronomer)",1
"Christian Pollas","http://dbpedia.org/resource/Christian_Pollas",1
"Ronald N. Bracewell","http://dbpedia.org/resource/Ronald_N._Bracewell",1
"Rosaly Lopes","http://dbpedia.org/resource/Rosaly_Lopes",1
"Ruby Payne-Scott","http://dbpedia.org/resource/Ruby_Payne-Scott",1
"Rudolph Minkowski","http://dbpedia.org/resource/Rudolph_Minkowski",1
"Russell Alan Hulse","http://dbpedia.org/resource/Russell_Alan_Hulse",1
"Debra Fischer","http://dbpedia.org/resource/Debra_Fischer",1
"E. Ruth Hedeman","http://dbpedia.org/resource/E._Ruth_Hedeman",1
"Edith Jones Woodward","http://dbpedia.org/resource/Edith_Jones_Woodward",1
"Eric Walter Elst","http://dbpedia.org/resource/Eric_Walter_Elst",1
"Johannes Fabricius","http://dbpedia.org/resource/Johannes_Fabricius",1
"Larry W. Esposito","http://dbpedia.org/resource/Larry_W._Esposito",1
"Erwin Finlay-Freundlich","http://dbpedia.org/resource/Erwin_Finlay-Freundlich",1
"Fumiaki Uto","http://dbpedia.org/resource/Fumiaki_Uto",1
"Gabrielle Renaudot Flammarion","http://dbpedia.org/resource/Gabrielle_Renaudot_Flammarion",1
"Gart Westerhout","http://dbpedia.org/resource/Gart_Westerhout",1
"Herbert Friedman","http://dbpedia.org/resource/Herbert_Friedman",1
"Honoré Flaugergues","http://dbpedia.org/resource/Honoré_Flaugergues",1
"Toshimasa Furuta","http://dbpedia.org/resource/Toshimasa_Furuta",1
"George Henry Peters","http://dbpedia.org/resource/George_Henry_Peters",1
"George Mary Searle","http://dbpedia.org/resource/George_Mary_Searle",1
"Giuseppe Asclepi","http://dbpedia.org/resource/Giuseppe_Asclepi",1
"Gordon J. Garradd","http://dbpedia.org/resource/Gordon_J._Garradd",1
"Thomas William Webb","http://dbpedia.org/resource/Thomas_William_Webb",1
"Steve Mandel","http://dbpedia.org/resource/Steve_Mandel",1
"Philippe Véron","http://dbpedia.org/resource/Philippe_Véron",1
"Tomimaru Okuni","http://dbpedia.org/resource/Tomimaru_Okuni",1
"Johann Hieronymus Schröter","http://dbpedia.org/resource/Johann_Hieronymus_Schröter",1
"Ma Yize","http://dbpedia.org/resource/Ma_Yize",1
"Charles Green (astronomer)","http://dbpedia.org/resource/Charles_Green_(astronomer)",1
"Yoji Kondo","http://dbpedia.org/resource/Yoji_Kondo",1
"Yoshisada Shimizu","http://dbpedia.org/resource/Yoshisada_Shimizu",1
"Yrjö Väisälä","http://dbpedia.org/resource/Yrjö_Väisälä",1
"Yuji Hyakutake","http://dbpedia.org/resource/Yuji_Hyakutake",1
"Yvon Villarceau","http://dbpedia.org/resource/Yvon_Villarceau",1
"Zhang Heng","http://dbpedia.org/resource/Zhang_Heng",1
"Zhang Yuzhe","http://dbpedia.org/resource/Zhang_Yuzhe",1
"Zu Chongzhi","http://dbpedia.org/resource/Zu_Chongzhi",1
"Álvaro López-García","http://dbpedia.org/resource/Álvaro_López-García",1
"Michel Giacobini","http://dbpedia.org/resource/Michel_Giacobini",1
"Lyudmila Karachkina","http://dbpedia.org/resource/Lyudmila_Karachkina",1
"Robert George Harrington","http://dbpedia.org/resource/Robert_George_Harrington",1
"Tetsuo Kagawa","http://dbpedia.org/resource/Tetsuo_Kagawa",1
"Marie Henri Andoyer","http://dbpedia.org/resource/Marie_Henri_Andoyer",1
"Nils Mustelin","http://dbpedia.org/resource/Nils_Mustelin",1
"Pablo Cottenot","http://dbpedia.org/resource/Pablo_Cottenot",1
"Shi Shen","http://dbpedia.org/resource/Shi_Shen",1
"Sadr al-Shari'a al-Asghar","http://dbpedia.org/resource/Sadr_al-Shari'a_al-Asghar",1
"Yi Xing","http://dbpedia.org/resource/Yi_Xing",1
"Vincent Wing","http://dbpedia.org/resource/Vincent_Wing",1
"Pierre Lemonnier","http://dbpedia.org/resource/Pierre_Lemonnier",1
"Ľubor Kresák","http://dbpedia.org/resource/Ľubor_Kresák",1
"Pieter Johannes van Rhijn","http://dbpedia.org/resource/Pieter_Johannes_van_Rhijn",1
